{
  "timestamp": "2025-04-20T04:00:25Z",
  "commit_id": "f7d3d9a1",
  "branch": "main",
  "go_version": "go1.20.14",
  "results": [
    {
      "name": "TenMillionKeys",
      "category": "scale",
      "operations": 10000000,
      "ns_per_op": 2888086729,
      "bytes_per_op": 28521270,
      "allocs_per_op": 100000,
      "metrics": {
        "alloc_mb": 0.918182373046875,
        "bytes_per_key": 28.52127,
        "file_size_mb": 272.00002670288086,
        "insertion_rate": 3482682.0720702754,
        "random_lookup_rate": 5974968.467103915,
        "random_lookup_time_ns": 16736490,
        "setup_time_ns": 91170,
        "sys_mb": 13.122322082519531,
        "write_time_ns": 2871350239
      }
    },
    {
      "name": "MillionKeys",
      "category": "scale",
      "operations": 1000000,
      "ns_per_op": 318396927,
      "bytes_per_op": 356516,
      "allocs_per_op": 10000,
      "metrics": {
        "alloc_mb": 0.2183837890625,
        "bytes_per_key": 35.651612,
        "file_size_mb": 34.00002670288086,
        "insertion_rate": 3151471.0171690374,
        "sys_mb": 13.122322082519531,
        "verification_rate": 9218365.565348532
      }
    },
    {
      "name": "TenThousandKeys",
      "category": "scale",
      "operations": 10000,
      "ns_per_op": 8538191,
      "bytes_per_op": 278556,
      "allocs_per_op": 20000,
      "metrics": {
        "bytes_per_key": 27.8556,
        "file_size_mb": 0.2656517028808594,
        "insertion_rate": 1332611.0581398215,
        "random_lookup_rate": 5735095.919479253,
        "sequential_lookup_rate": 11631139.351517456
      }
    },
    {
      "name": "UUIDKeys",
      "category": "scale",
      "operations": 100000,
      "ns_per_op": 8030415109,
      "bytes_per_op": 515000000,
      "allocs_per_op": 30000000,
      "metrics": {
        "alloc_mb": 22.027969360351562,
        "bytes_per_key": 306.70876,
        "file_size_mb": 29.25002670288086,
        "insertion_rate": 12527.574158477913,
        "retrieval_rate": 4025750.7954782927,
        "retrieve_time_ns": 24840087,
        "setup_time_ns": 76803,
        "sys_mb": 54.62232208251953,
        "validate_time_ns": 23183640,
        "validation_rate": 4313386.508762213,
        "write_time_ns": 7982391382
      }
    }
  ]
}