{
  "timestamp": "2025-04-13T12:14:50Z",
  "commit_id": "ea21428c",
  "branch": "main",
  "go_version": "go1.20.14",
  "results": [
    {
      "name": "TenMillionKeys",
      "category": "scale",
      "operations": 10000000,
      "ns_per_op": 2818141710,
      "bytes_per_op": 28521270,
      "allocs_per_op": 100000,
      "metrics": {
        "alloc_mb": 0.9179916381835938,
        "bytes_per_key": 28.52127,
        "file_size_mb": 272.00002670288086,
        "insertion_rate": 3569091.191452745,
        "random_lookup_rate": 6131958.270307022,
        "random_lookup_time_ns": 16308004,
        "setup_time_ns": 92893,
        "sys_mb": 13.122322082519531,
        "write_time_ns": 2801833706
      }
    },
    {
      "name": "MillionKeys",
      "category": "scale",
      "operations": 1000000,
      "ns_per_op": 321903735,
      "bytes_per_op": 356516,
      "allocs_per_op": 10000,
      "metrics": {
        "alloc_mb": 0.21752166748046875,
        "bytes_per_key": 35.651612,
        "file_size_mb": 34.00002670288086,
        "insertion_rate": 3116724.405181017,
        "sys_mb": 13.122322082519531,
        "verification_rate": 9487089.967971584
      }
    },
    {
      "name": "TenThousandKeys",
      "category": "scale",
      "operations": 10000,
      "ns_per_op": 7554007,
      "bytes_per_op": 278556,
      "allocs_per_op": 20000,
      "metrics": {
        "bytes_per_key": 27.8556,
        "file_size_mb": 0.2656517028808594,
        "insertion_rate": 1541635.4100087287,
        "random_lookup_rate": 4635810.710577065,
        "sequential_lookup_rate": 11741540.513598464
      }
    },
    {
      "name": "UUIDKeys",
      "category": "scale",
      "operations": 100000,
      "ns_per_op": 7941127649,
      "bytes_per_op": 515000000,
      "allocs_per_op": 30000000,
      "metrics": {
        "alloc_mb": 22.027061462402344,
        "bytes_per_key": 306.70876,
        "file_size_mb": 29.25002670288086,
        "insertion_rate": 12664.028888669047,
        "retrieval_rate": 4493414.67612141,
        "retrieve_time_ns": 22254790,
        "setup_time_ns": 76863,
        "sys_mb": 54.37232208251953,
        "validate_time_ns": 22491630,
        "validation_rate": 4446098.3930466585,
        "write_time_ns": 7896381229
      }
    }
  ]
}